<?xml version="1.0" encoding="UTF-8"?>
<project-private xmlns="http://www.netbeans.org/ns/project-private/1">
    <editor-bookmarks xmlns="http://www.netbeans.org/ns/editor-bookmarks/2" lastBookmarkId="0"/>
    <open-files xmlns="http://www.netbeans.org/ns/projectui-open-files/2">
        <group>
            <file>file:/C:/Users/T-Gamer/Documents/FATEC/POO/Lista03/src/br/com/fatec/principal/Cadastro_entrada.java</file>
            <file>file:/C:/Users/T-Gamer/Documents/FATEC/POO/Lista03/src/br/com/fatec/classes/Impressao.java</file>
            <file>file:/C:/Users/T-Gamer/Documents/FATEC/POO/Lista03/src/br/com/fatec/classes/Entrada.java</file>
            <file>file:/C:/Users/T-Gamer/Documents/FATEC/POO/Lista03/src/br/com/fatec/classes/Data.java</file>
            <file>file:/C:/Users/T-Gamer/Documents/FATEC/POO/Lista03/src/br/com/fatec/classes/Gerencia_Tabela.java</file>
            <file>file:/C:/Users/T-Gamer/Documents/FATEC/POO/Lista03/src/br/com/fatec/principal/Relatorios.java</file>
            <file>file:/C:/Users/T-Gamer/Documents/FATEC/POO/Lista03/src/br/com/fatec/principal/Cadastro_saidas.java</file>
            <file>file:/C:/Users/T-Gamer/Documents/FATEC/POO/Lista03/src/br/com/fatec/classes/Saidas.java</file>
        </group>
    </open-files>
</project-private>
