<?xml version="1.0" encoding="UTF-8"?>
<project-private xmlns="http://www.netbeans.org/ns/project-private/1">
    <editor-bookmarks xmlns="http://www.netbeans.org/ns/editor-bookmarks/2" lastBookmarkId="0"/>
    <open-files xmlns="http://www.netbeans.org/ns/projectui-open-files/2">
        <group>
            <file>file:/C:/Users/chris/OneDrive/Documentos/NetBeansProjects/Cliente/src/com/fatec/app/service/ClienteService.java</file>
            <file>file:/C:/Users/chris/OneDrive/Documentos/NetBeansProjects/Cliente/src/com/fatec/app/info/Chat.java</file>
            <file>file:/C:/Users/chris/OneDrive/Documentos/NetBeansProjects/Cliente/src/com/fatec/app/Cliente.java</file>
            <file>file:/C:/Users/chris/OneDrive/Documentos/NetBeansProjects/Cliente/src/com/fatec/app/layout/LayoutChat.java</file>
        </group>
    </open-files>
</project-private>
